company,ticker,cik,universe_snapshot_date,fiscal_year_end,n_10k,n_10q
Adobe Inc.,ADBE,0000796343,2026-09-26,1127,2,6
Advanced Micro Devices,AMD,0000002488,2026-09-26,1226,2,6
Airbnb,ABNB,0001559720,2026-09-26,1231,2,6
Alnylam Pharmaceuticals,ALNY,0001178670,2026-09-26,1231,2,6
Alphabet Inc. (Class A),GOOGL,0001652044,2026-09-26,1231,2,6
Amazon,AMZN,0001018724,2026-09-26,1231,2,6
American Electric Power,AEP,0000004904,2026-09-26,1231,2,6
Amgen,AMGN,0000318154,2026-09-26,1231,2,6
Analog Devices,ADI,0000006281,2026-09-26,1031,2,6
Apple Inc.,AAPL,0000320193,2026-09-26,0926,2,6
Applied Materials,AMAT,0000006951,2026-09-26,1026,2,6
AppLovin,APP,0001751008,2026-09-26,1231,2,6
Arm Holdings,ARM,0001973239,2026-09-26,0331,0,0
ASML Holding,ASML,0000937966,2026-09-26,1231,0,0
Astera Labs,ALAB,0001736297,2026-09-26,1231,2,6
Autodesk,ADSK,0000769397,2026-09-26,0131,2,6
Automatic Data Processing,ADP,0000008670,2026-09-26,0630,2,6
Axon Enterprise,AXON,0001069183,2026-09-26,1231,2,6
Baker Hughes,BKR,0001701605,2026-09-26,1231,2,6
Booking Holdings,BKNG,0001075531,2026-09-26,1231,2,6
Broadcom,AVGO,0001730168,2026-09-26,1101,2,6
Cadence Design Systems,CDNS,0000813672,2026-09-26,1231,2,6
Cintas,CTAS,0000723254,2026-09-26,0531,2,6
Cisco,CSCO,0000858877,2026-09-26,0725,2,6
Coca-Cola Europacific Partners,CCEP,0001650107,2026-09-26,1231,0,0
Comcast,CMCSA,0001166691,2026-09-26,1231,2,6
Constellation Energy,CEG,0001868275,2026-09-26,1231,2,6
Copart,CPRT,0000900075,2026-09-26,0731,2,6
CoreWeave,CRWV,0001769628,2026-09-26,1231,1,5
Costco,COST,0000909832,2026-09-26,0830,2,6
CrowdStrike,CRWD,0001535527,2026-09-26,0131,2,6
CSX Corporation,CSX,0000277948,2026-09-26,1231,2,6
Datadog,DDOG,0001561550,2026-09-26,1231,2,6
DexCom,DXCM,0001093557,2026-09-26,1231,2,6
Diamondback Energy,FANG,0001539838,2026-09-26,1231,2,6
DoorDash,DASH,0001792789,2026-09-26,1231,2,6
Exelon,EXC,0001109357,2026-09-26,1231,2,6
Fastenal,FAST,0000815556,2026-09-26,1231,2,6
Ferrovial,FER,0001468522,2026-09-26,1231,0,0
Fortinet,FTNT,0001262039,2026-09-26,1231,2,6
GE HealthCare,GEHC,0001932393,2026-09-26,1231,2,6
Gilead Sciences,GILD,0000882095,2026-09-26,1231,2,6
Honeywell Aerospace,HONA,0002089271,2026-09-26,1231,0,1
Honeywell Technologies,HON,0000773840,2026-09-26,1231,2,6
Idexx Laboratories,IDXX,0000874716,2026-09-26,1231,2,6
Intel,INTC,0000050863,2026-09-26,1227,2,6
Intuit,INTU,0000896878,2026-09-26,0731,2,6
Intuitive Surgical,ISRG,0001035267,2026-09-26,1231,2,6
Keurig Dr Pepper,KDP,0001418135,2026-09-26,1231,2,6
KLA Corporation,KLAC,0000319201,2026-09-26,0630,2,6
Lam Research,LRCX,0000707549,2026-09-26,0628,2,6
Linde plc,LIN,0001707925,2026-09-26,1231,2,6
Lumentum,LITE,0001633978,2026-09-26,0627,2,6
Marriott International,MAR,0001048286,2026-09-26,1231,2,6
Marvell Technology,MRVL,0001835632,2026-09-26,0130,2,6
Mercado Libre,MELI,0001099590,2026-09-26,1231,2,6
Meta Platforms,META,0001326801,2026-09-26,1231,2,6
Microchip Technology,MCHP,0000827054,2026-09-26,0331,2,6
Micron Technology,MU,0000723125,2026-09-26,0903,2,6
Microsoft,MSFT,0000789019,2026-09-26,0630,2,6
MicroStrategy,MSTR,0001050446,2026-09-26,1231,2,6
Mondelez International,MDLZ,0001103982,2026-09-26,1231,2,6
Monolithic Power Systems,MPWR,0001280452,2026-09-26,1231,2,6
Monster Beverage,MNST,0000865752,2026-09-26,1231,2,6
Nebius Group,NBIS,0001513845,2026-09-26,,0,0
"Netflix, Inc.",NFLX,0001065280,2026-09-26,1231,2,6
Nvidia,NVDA,0001045810,2026-09-26,0131,2,6
NXP Semiconductors,NXPI,0001413447,2026-09-26,1231,2,6
O'Reilly Automotive,ORLY,0000898173,2026-09-26,1231,2,6
Old Dominion Freight Line,ODFL,0000878927,2026-09-26,1231,2,6
Paccar,PCAR,0000075362,2026-09-26,1231,2,6
Palantir Technologies,PLTR,0001321655,2026-09-26,1231,2,6
Palo Alto Networks,PANW,0001327567,2026-09-26,0731,2,6
Paychex,PAYX,0000723531,2026-09-26,0531,2,6
PayPal,PYPL,0001633917,2026-09-26,1231,2,6
PDD Holdings,PDD,0001737806,2026-09-26,1231,0,0
PepsiCo,PEP,0000077476,2026-09-26,1226,2,6
Qualcomm,QCOM,0000804328,2026-09-26,0927,2,6
Regeneron Pharmaceuticals,REGN,0000872589,2026-09-26,1231,2,6
Rocket Lab,RKLB,0001819994,2026-09-26,1231,2,6
Roper Technologies,ROP,0000882835,2026-09-26,1231,2,6
Ross Stores,ROST,0000745732,2026-09-26,0201,2,6
Sandisk,SNDK,0002023554,2026-09-26,0628,2,5
Seagate Technology,STX,0001137789,2026-09-26,0627,2,6
Shopify,SHOP,0001594805,2026-09-26,1231,2,5
SpaceX,SPCX,0001181412,2026-09-26,1231,0,1
Starbucks,SBUX,0000829224,2026-09-26,0928,2,6
Synopsys,SNPS,0000883241,2026-09-26,1031,2,6
T-Mobile US,TMUS,0001283699,2026-09-26,1231,2,6
Take-Two Interactive,TTWO,0000946581,2026-09-26,0331,2,6
Teradyne,TER,0000097210,2026-09-26,1231,2,6
"Tesla, Inc.",TSLA,0001318605,2026-09-26,1231,2,6
Texas Instruments,TXN,0000097476,2026-09-26,1231,2,6
Thomson Reuters,TRI,0001075124,2026-09-26,1231,0,0
Vertex Pharmaceuticals,VRTX,0000875320,2026-09-26,1231,2,6
Walmart,WMT,0000104169,2026-09-26,0131,2,6
Warner Bros. Discovery,WBD,0001437107,2026-09-26,1231,2,6
Western Digital,WDC,0000106040,2026-09-26,0703,2,6
"Workday, Inc.",WDAY,0001327811,2026-09-26,0131,2,6
Xcel Energy,XEL,0000072903,2026-09-26,1231,2,6
