filing_id,status,issues,registrant_name,fiscal_year,fiscal_period
ADBE_10Q_2026-08-28,ok,,ADOBE INC.,2026,Q3
ADBE_10Q_2026-05-29,ok,,ADOBE INC.,2026,Q2
ADBE_10Q_2026-02-27,ok,,ADOBE INC.,2026,Q1
ADBE_10K_2025-11-28,ok,,ADOBE INC.,2025,FY
ADBE_10Q_2025-08-29,ok,,ADOBE INC.,2025,Q3
ADBE_10Q_2025-05-30,ok,,ADOBE INC.,2025,Q2
ADBE_10Q_2025-02-28,ok,,ADOBE INC.,2025,Q1
ADBE_10K_2024-11-29,ok,,ADOBE INC.,2024,FY
AMD_10Q_2026-06-27,ok,,"ADVANCED MICRO DEVICES, INC",2026,Q2
AMD_10Q_2026-03-28,ok,,"ADVANCED MICRO DEVICES, INC",2026,Q1
AMD_10K_2025-12-27,ok,,"ADVANCED MICRO DEVICES, INC.",2025,FY
AMD_10Q_2025-09-27,ok,,"ADVANCED MICRO DEVICES, INC",2025,Q3
AMD_10Q_2025-06-28,ok,,"ADVANCED MICRO DEVICES, INC",2025,Q2
AMD_10Q_2025-03-29,ok,,"ADVANCED MICRO DEVICES, INC",2025,Q1
AMD_10K_2024-12-28,ok,,"ADVANCED MICRO DEVICES, INC.",2024,FY
AMD_10Q_2024-09-28,ok,,"ADVANCED MICRO DEVICES, INC",2024,Q3
ABNB_10Q_2026-06-30,ok,,"Airbnb, Inc.",2026,Q2
ABNB_10Q_2026-03-31,ok,,"Airbnb, Inc.",2026,Q1
ABNB_10K_2025-12-31,ok,,"Airbnb, Inc.",2025,FY
ABNB_10Q_2025-09-30,ok,,"Airbnb, Inc.",2025,Q3
ABNB_10Q_2025-06-30,ok,,"Airbnb, Inc.",2025,Q2
ABNB_10Q_2025-03-31,ok,,"Airbnb, Inc.",2025,Q1
ABNB_10K_2024-12-31,ok,,"Airbnb, Inc.",2024,FY
ABNB_10Q_2024-09-30,ok,,"Airbnb, Inc.",2024,Q3
ALNY_10Q_2026-06-30,ok,,"ALNYLAM PHARMACEUTICALS, INC.",2026,Q2
ALNY_10Q_2026-03-31,ok,,"ALNYLAM PHARMACEUTICALS, INC.",2026,Q1
ALNY_10K_2025-12-31,ok,,"ALNYLAM PHARMACEUTICALS, INC.",2025,FY
ALNY_10Q_2025-09-30,ok,,"ALNYLAM PHARMACEUTICALS, INC.",2025,Q3
ALNY_10Q_2025-06-30,ok,,"ALNYLAM PHARMACEUTICALS, INC.",2025,Q2
ALNY_10Q_2025-03-31,ok,,"ALNYLAM PHARMACEUTICALS, INC.",2025,Q1
ALNY_10K_2024-12-31,ok,,"ALNYLAM PHARMACEUTICALS, INC.",2024,FY
ALNY_10Q_2024-09-30,ok,,"ALNYLAM PHARMACEUTICALS, INC.",2024,Q3
GOOGL_10Q_2026-06-30,ok,,Alphabet Inc.,2026,Q2
GOOGL_10Q_2026-03-31,ok,,Alphabet Inc.,2026,Q1
GOOGL_10K_2025-12-31,ok,,Alphabet Inc.,2025,FY
GOOGL_10Q_2025-09-30,ok,,Alphabet Inc.,2025,Q3
GOOGL_10Q_2025-06-30,ok,,Alphabet Inc.,2025,Q2
GOOGL_10Q_2025-03-31,ok,,Alphabet Inc.,2025,Q1
GOOGL_10K_2024-12-31,ok,,Alphabet Inc.,2024,FY
GOOGL_10Q_2024-09-30,ok,,Alphabet Inc.,2024,Q3
AMZN_10Q_2026-06-30,ok,,"AMAZON.COM, INC.",2026,Q2
AMZN_10Q_2026-03-31,ok,,"AMAZON.COM, INC.",2026,Q1
AMZN_10K_2025-12-31,ok,,"AMAZON.COM, INC.",2025,FY
AMZN_10Q_2025-09-30,ok,,"AMAZON.COM, INC.",2025,Q3
AMZN_10Q_2025-06-30,ok,,"AMAZON.COM, INC.",2025,Q2
AMZN_10Q_2025-03-31,ok,,"AMAZON.COM, INC.",2025,Q1
AMZN_10K_2024-12-31,ok,,"AMAZON.COM, INC.",2024,FY
AMZN_10Q_2024-09-30,ok,,"AMAZON.COM, INC.",2024,Q3
AEP_10Q_2026-06-30,ok,,AMERICAN ELECTRIC POWER CO INC.,2026,Q2
AEP_10Q_2026-03-31,ok,,AMERICAN ELECTRIC POWER CO INC.,2026,Q1
AEP_10K_2025-12-31,ok,,AMERICAN ELECTRIC POWER CO INC.,2025,FY
AEP_10Q_2025-09-30,ok,,AMERICAN ELECTRIC POWER CO INC.,2025,Q3
AEP_10Q_2025-06-30,ok,,AMERICAN ELECTRIC POWER CO INC.,2025,Q2
AEP_10Q_2025-03-31,ok,,AMERICAN ELECTRIC POWER CO INC.,2025,Q1
AEP_10K_2024-12-31,ok,,AMERICAN ELECTRIC POWER CO INC.,2024,FY
AEP_10Q_2024-09-30,ok,,AMERICAN ELECTRIC POWER CO INC.,2024,Q3
AMGN_10Q_2026-06-30,ok,,Amgen Inc.,2026,Q2
AMGN_10Q_2026-03-31,ok,,Amgen Inc.,2026,Q1
AMGN_10K_2025-12-31,ok,,Amgen Inc.,2025,FY
AMGN_10Q_2025-09-30,ok,,Amgen Inc.,2025,Q3
AMGN_10Q_2025-06-30,ok,,Amgen Inc.,2025,Q2
AMGN_10Q_2025-03-31,ok,,Amgen Inc.,2025,Q1
AMGN_10K_2024-12-31,ok,,Amgen Inc.,2024,FY
AMGN_10Q_2024-09-30,ok,,Amgen Inc.,2024,Q3
ADI_10Q_2026-08-01,ok,,"Analog Devices, Inc.",2026,Q3
ADI_10Q_2026-05-02,ok,,"Analog Devices, Inc.",2026,Q2
ADI_10Q_2026-01-31,ok,,"Analog Devices, Inc.",2026,Q1
ADI_10K_2025-11-01,ok,,"Analog Devices, Inc.",2025,FY
ADI_10Q_2025-08-02,ok,,"Analog Devices, Inc.",2025,Q3
ADI_10Q_2025-05-03,ok,,"Analog Devices, Inc.",2025,Q2
ADI_10Q_2025-02-01,ok,,"Analog Devices, Inc.",2025,Q1
ADI_10K_2024-11-02,ok,,"Analog Devices, Inc.",2024,FY
AAPL_10Q_2026-06-27,ok,,Apple Inc.,2026,Q3
AAPL_10Q_2026-03-28,ok,,Apple Inc.,2026,Q2
AAPL_10Q_2025-12-27,ok,,Apple Inc.,2026,Q1
AAPL_10K_2025-09-27,ok,,Apple Inc.,2025,FY
AAPL_10Q_2025-06-28,ok,,Apple Inc.,2025,Q3
AAPL_10Q_2025-03-29,ok,,Apple Inc.,2025,Q2
AAPL_10Q_2024-12-28,ok,,Apple Inc.,2025,Q1
AAPL_10K_2024-09-28,ok,,Apple Inc.,2024,FY
AMAT_10Q_2026-07-26,ok,,APPLIED MATERIALS INC /DE,2026,Q3
AMAT_10Q_2026-04-26,ok,,APPLIED MATERIALS INC /DE,2026,Q2
AMAT_10Q_2026-01-25,ok,,APPLIED MATERIALS INC /DE,2026,Q1
AMAT_10K_2025-10-26,ok,,APPLIED MATERIALS INC /DE,2025,FY
AMAT_10Q_2025-07-27,ok,,APPLIED MATERIALS INC /DE,2025,Q3
AMAT_10Q_2025-04-27,ok,,APPLIED MATERIALS INC /DE,2025,Q2
AMAT_10Q_2025-01-26,ok,,APPLIED MATERIALS INC /DE,2025,Q1
AMAT_10K_2024-10-27,ok,,APPLIED MATERIALS INC /DE,2024,FY
APP_10Q_2026-06-30,ok,,AppLovin Corporation,2026,Q2
APP_10Q_2026-03-31,ok,,AppLovin Corporation,2026,Q1
APP_10K_2025-12-31,ok,,AppLovin Corporation,2025,FY
APP_10Q_2025-09-30,ok,,AppLovin Corporation,2025,Q3
APP_10Q_2025-06-30,ok,,AppLovin Corporation,2025,Q2
APP_10Q_2025-03-31,ok,,AppLovin Corporation,2025,Q1
APP_10K_2024-12-31,ok,,AppLovin Corporation,2024,FY
APP_10Q_2024-09-30,ok,,AppLovin Corporation,2024,Q3
ALAB_10Q_2026-06-30,ok,,"Astera Labs, Inc.",2026,Q2
ALAB_10Q_2026-03-31,ok,,"Astera Labs, Inc.",2026,Q1
ALAB_10K_2025-12-31,ok,,"Astera Labs, Inc.",2025,FY
ALAB_10Q_2025-09-30,ok,,"Astera Labs, Inc.",2025,Q3
ALAB_10Q_2025-06-30,ok,,"Astera Labs, Inc.",2025,Q2
ALAB_10Q_2025-03-31,ok,,"Astera Labs, Inc.",2025,Q1
ALAB_10K_2024-12-31,ok,,"Astera Labs, Inc.",2024,FY
ALAB_10Q_2024-09-30,ok,,"Astera Labs, Inc.",2024,Q3
ADSK_10Q_2026-07-31,ok,,"AUTODESK, INC.",2027,Q2
ADSK_10Q_2026-04-30,ok,,"AUTODESK, INC.",2027,Q1
ADSK_10K_2026-01-31,ok,,"AUTODESK, INC.",2026,FY
ADSK_10Q_2025-10-31,ok,,"AUTODESK, INC.",2026,Q3
ADSK_10Q_2025-07-31,ok,,"AUTODESK, INC.",2026,Q2
ADSK_10Q_2025-04-30,ok,,"AUTODESK, INC.",2026,Q1
ADSK_10K_2025-01-31,ok,,"AUTODESK, INC.",2025,FY
ADSK_10Q_2024-10-31,ok,,"AUTODESK, INC.",2025,Q3
ADP_10K_2026-06-30,ok,,"AUTOMATIC DATA PROCESSING, INC.",2026,FY
ADP_10Q_2026-03-31,ok,,"AUTOMATIC DATA PROCESSING, INC.",2026,Q3
ADP_10Q_2025-12-31,ok,,"AUTOMATIC DATA PROCESSING, INC.",2026,Q2
ADP_10Q_2025-09-30,ok,,"AUTOMATIC DATA PROCESSING, INC.",2026,Q1
ADP_10K_2025-06-30,ok,,"AUTOMATIC DATA PROCESSING, INC.",2025,FY
ADP_10Q_2025-03-31,ok,,"AUTOMATIC DATA PROCESSING, INC.",2025,Q3
ADP_10Q_2024-12-31,ok,,"AUTOMATIC DATA PROCESSING, INC.",2025,Q2
ADP_10Q_2024-09-30,ok,,"AUTOMATIC DATA PROCESSING, INC.",2025,Q1
AXON_10Q_2026-06-30,ok,,"Axon Enterprise, Inc.",2026,Q2
AXON_10Q_2026-03-31,ok,,"Axon Enterprise, Inc.",2026,Q1
AXON_10K_2025-12-31,ok,,"Axon Enterprise, Inc.",2025,FY
AXON_10Q_2025-09-30,ok,,"Axon Enterprise, Inc.",2025,Q3
AXON_10Q_2025-06-30,ok,,"Axon Enterprise, Inc.",2025,Q2
AXON_10Q_2025-03-31,ok,,"Axon Enterprise, Inc.",2025,Q1
AXON_10K_2024-12-31,ok,,"Axon Enterprise, Inc.",2024,FY
AXON_10Q_2024-09-30,ok,,"Axon Enterprise, Inc.",2024,Q3
BKR_10Q_2026-06-30,ok,,Baker Hughes Company,2026,Q2
BKR_10Q_2026-03-31,ok,,Baker Hughes Company,2026,Q1
BKR_10K_2025-12-31,ok,,Baker Hughes Company,2025,FY
BKR_10Q_2025-09-30,ok,,Baker Hughes Company,2025,Q3
BKR_10Q_2025-06-30,ok,,Baker Hughes Company,2025,Q2
BKR_10Q_2025-03-31,ok,,Baker Hughes Company,2025,Q1
BKR_10K_2024-12-31,ok,,Baker Hughes Company,2024,FY
BKR_10Q_2024-09-30,ok,,Baker Hughes Company,2024,Q3
BKNG_10Q_2026-06-30,ok,,Booking Holdings Inc.,2026,Q2
BKNG_10Q_2026-03-31,ok,,Booking Holdings Inc.,2026,Q1
BKNG_10K_2025-12-31,ok,,Booking Holdings Inc.,2025,FY
BKNG_10Q_2025-09-30,ok,,Booking Holdings Inc.,2025,Q3
BKNG_10Q_2025-06-30,ok,,Booking Holdings Inc.,2025,Q2
BKNG_10Q_2025-03-31,ok,,Booking Holdings Inc.,2025,Q1
BKNG_10K_2024-12-31,ok,,Booking Holdings Inc.,2024,FY
BKNG_10Q_2024-09-30,ok,,Booking Holdings Inc.,2024,Q3
AVGO_10Q_2026-08-02,ok,,Broadcom Inc.,2026,Q3
AVGO_10Q_2026-05-03,ok,,Broadcom Inc.,2026,Q2
AVGO_10Q_2026-02-01,ok,,Broadcom Inc.,2026,Q1
AVGO_10K_2025-11-02,ok,,Broadcom Inc.,2025,FY
AVGO_10Q_2025-08-03,ok,,Broadcom Inc.,2025,Q3
AVGO_10Q_2025-05-04,ok,,Broadcom Inc.,2025,Q2
AVGO_10Q_2025-02-02,ok,,Broadcom Inc.,2025,Q1
AVGO_10K_2024-11-03,ok,,Broadcom Inc.,2024,FY
CDNS_10Q_2026-06-30,ok,,"CADENCE DESIGN SYSTEMS, INC.",2026,Q2
CDNS_10Q_2026-03-31,ok,,"CADENCE DESIGN SYSTEMS, INC.",2026,Q1
CDNS_10K_2025-12-31,ok,,"CADENCE DESIGN SYSTEMS, INC.",2025,FY
CDNS_10Q_2025-09-30,ok,,"CADENCE DESIGN SYSTEMS, INC.",2025,Q3
CDNS_10Q_2025-06-30,ok,,"CADENCE DESIGN SYSTEMS, INC.",2025,Q2
CDNS_10Q_2025-03-31,ok,,"CADENCE DESIGN SYSTEMS, INC.",2025,Q1
CDNS_10K_2024-12-31,ok,,"CADENCE DESIGN SYSTEMS, INC.",2024,FY
CDNS_10Q_2024-09-30,ok,,"CADENCE DESIGN SYSTEMS, INC.",2024,Q3
CTAS_10K_2026-05-31,ok,,Cintas Corporation,2026,FY
CTAS_10Q_2026-02-28,ok,,Cintas Corporation,2026,Q3
CTAS_10Q_2025-11-30,ok,,Cintas Corporation,2026,Q2
CTAS_10Q_2025-08-31,ok,,Cintas Corporation,2026,Q1
CTAS_10K_2025-05-31,ok,,Cintas Corporation,2025,FY
CTAS_10Q_2025-02-28,ok,,Cintas Corporation,2025,Q3
CTAS_10Q_2024-11-30,ok,,Cintas Corporation,2025,Q2
CTAS_10Q_2024-08-31,ok,,Cintas Corporation,2025,Q1
CSCO_10K_2026-07-25,ok,,"CISCO SYSTEMS, INC.",2026,FY
CSCO_10Q_2026-04-25,ok,,"CISCO SYSTEMS, INC.",2026,Q3
CSCO_10Q_2026-01-24,ok,,"CISCO SYSTEMS, INC.",2026,Q2
CSCO_10Q_2025-10-25,ok,,"CISCO SYSTEMS, INC.",2026,Q1
CSCO_10K_2025-07-26,ok,,"CISCO SYSTEMS, INC.",2025,FY
CSCO_10Q_2025-04-26,ok,,"CISCO SYSTEMS, INC.",2025,Q3
CSCO_10Q_2025-01-25,ok,,"CISCO SYSTEMS, INC.",2025,Q2
CSCO_10Q_2024-10-26,ok,,"CISCO SYSTEMS, INC.",2025,Q1
CMCSA_10Q_2026-06-30,ok,,COMCAST CORPORATION,2026,Q2
CMCSA_10Q_2026-03-31,ok,,COMCAST CORPORATION,2026,Q1
CMCSA_10K_2025-12-31,ok,,COMCAST CORPORATION,2025,FY
CMCSA_10Q_2025-09-30,ok,,COMCAST CORPORATION,2025,Q3
CMCSA_10Q_2025-06-30,ok,,COMCAST CORPORATION,2025,Q2
CMCSA_10Q_2025-03-31,ok,,COMCAST CORPORATION,2025,Q1
CMCSA_10K_2024-12-31,ok,,COMCAST CORPORATION,2024,FY
CMCSA_10Q_2024-09-30,ok,,COMCAST CORPORATION,2024,Q3
CEG_10Q_2026-06-30,ok,,CONSTELLATION ENERGY CORPORATION,2026,Q2
CEG_10Q_2026-03-31,ok,,CONSTELLATION ENERGY CORPORATION,2026,Q1
CEG_10K_2025-12-31,ok,,CONSTELLATION ENERGY CORPORATION,2025,FY
CEG_10Q_2025-09-30,ok,,CONSTELLATION ENERGY CORPORATION,2025,Q3
CEG_10Q_2025-06-30,ok,,CONSTELLATION ENERGY CORPORATION,2025,Q2
CEG_10Q_2025-03-31,ok,,CONSTELLATION ENERGY CORPORATION,2025,Q1
CEG_10K_2024-12-31,ok,,CONSTELLATION ENERGY CORPORATION,2024,FY
CEG_10Q_2024-09-30,ok,,CONSTELLATION ENERGY CORPORATION,2024,Q3
CPRT_10Q_2026-04-30,ok,,"COPART, INC.",2026,Q3
CPRT_10Q_2026-01-31,ok,,"COPART, INC.",2026,Q2
CPRT_10Q_2025-10-31,ok,,"COPART, INC.",2026,Q1
CPRT_10K_2025-07-31,ok,,"COPART, INC.",2025,FY
CPRT_10Q_2025-04-30,ok,,"COPART, INC.",2025,Q3
CPRT_10Q_2025-01-31,ok,,"COPART, INC.",2025,Q2
CPRT_10Q_2024-10-31,ok,,"COPART, INC.",2025,Q1
CPRT_10K_2024-07-31,ok,,"COPART, INC.",2024,FY
CRWV_10Q_2026-06-30,ok,,"CoreWeave, Inc.",2026,Q2
CRWV_10Q_2026-03-31,ok,,"CoreWeave, Inc.",2026,Q1
CRWV_10K_2025-12-31,ok,,"CoreWeave, Inc",2025,FY
CRWV_10Q_2025-09-30,ok,,"CoreWeave, Inc.",2025,Q3
CRWV_10Q_2025-06-30,ok,,"CoreWeave, Inc.",2025,Q2
CRWV_10Q_2025-03-31,ok,,"CoreWeave, Inc.",2025,Q1
COST_10Q_2026-05-10,ok,,COSTCO WHOLESALE CORP /NEW,2026,Q3
COST_10Q_2026-02-15,ok,,COSTCO WHOLESALE CORP /NEW,2026,Q2
COST_10Q_2025-11-23,ok,,COSTCO WHOLESALE CORP /NEW,2026,Q1
COST_10K_2025-08-31,ok,,COSTCO WHOLESALE CORP /NEW,2025,FY
COST_10Q_2025-05-11,ok,,COSTCO WHOLESALE CORP /NEW,2025,Q3
COST_10Q_2025-02-16,ok,,COSTCO WHOLESALE CORP /NEW,2025,Q2
COST_10Q_2024-11-24,ok,,COSTCO WHOLESALE CORP /NEW,2025,Q1
COST_10K_2024-09-01,ok,,COSTCO WHOLESALE CORP /NEW,2024,FY
CRWD_10Q_2026-07-31,ok,,"CROWDSTRIKE HOLDINGS, INC.",2027,Q2
CRWD_10Q_2026-04-30,ok,,"CROWDSTRIKE HOLDINGS, INC.",2027,Q1
CRWD_10K_2026-01-31,ok,,"CROWDSTRIKE HOLDINGS, INC.",2026,FY
CRWD_10Q_2025-10-31,ok,,"CROWDSTRIKE HOLDINGS, INC.",2026,Q3
CRWD_10Q_2025-07-31,ok,,"CROWDSTRIKE HOLDINGS, INC.",2026,Q2
CRWD_10Q_2025-04-30,ok,,"CROWDSTRIKE HOLDINGS, INC.",2025,Q1
CRWD_10K_2025-01-31,ok,,"CROWDSTRIKE HOLDINGS, INC.",2024,FY
CRWD_10Q_2024-10-31,ok,,"CROWDSTRIKE HOLDINGS, INC.",2025,Q3
CSX_10Q_2026-06-30,ok,,CSX CORPORATION,2026,Q2
CSX_10Q_2026-03-31,ok,,CSX CORPORATION,2026,Q1
CSX_10K_2025-12-31,ok,,CSX CORPORATION,2025,FY
CSX_10Q_2025-09-30,ok,,CSX CORPORATION,2025,Q3
CSX_10Q_2025-06-30,ok,,CSX CORPORATION,2025,Q2
CSX_10Q_2025-03-31,ok,,CSX CORPORATION,2025,Q1
CSX_10K_2024-12-31,ok,,CSX CORPORATION,2024,FY
CSX_10Q_2024-09-30,ok,,CSX CORPORATION,2024,Q3
DDOG_10Q_2026-06-30,ok,,"Datadog, Inc.",2026,Q2
DDOG_10Q_2026-03-31,ok,,"Datadog, Inc.",2026,Q1
DDOG_10K_2025-12-31,ok,,"Datadog, Inc.",2025,FY
DDOG_10Q_2025-09-30,ok,,"Datadog, Inc.",2025,Q3
DDOG_10Q_2025-06-30,ok,,"Datadog, Inc.",2025,Q2
DDOG_10Q_2025-03-31,ok,,"Datadog, Inc.",2025,Q1
DDOG_10K_2024-12-31,ok,,"Datadog, Inc.",2024,FY
DDOG_10Q_2024-09-30,ok,,"Datadog, Inc.",2024,Q3
DXCM_10Q_2026-06-30,ok,,"DEXCOM, INC.",2026,Q2
DXCM_10Q_2026-03-31,ok,,"DEXCOM, INC.",2026,Q1
DXCM_10K_2025-12-31,ok,,"DEXCOM, INC.",2025,FY
DXCM_10Q_2025-09-30,ok,,"DEXCOM, INC.",2025,Q3
DXCM_10Q_2025-06-30,ok,,"DEXCOM, INC.",2025,Q2
DXCM_10Q_2025-03-31,ok,,"DEXCOM, INC.",2025,Q1
DXCM_10K_2024-12-31,ok,,"DEXCOM, INC.",2024,FY
DXCM_10Q_2024-09-30,ok,,"DEXCOM, INC.",2024,Q3
FANG_10Q_2026-06-30,ok,,"Diamondback Energy, Inc.",2026,Q2
FANG_10Q_2026-03-31,ok,,"Diamondback Energy, Inc.",2026,Q1
FANG_10K_2025-12-31,ok,,"Diamondback Energy, Inc.",2025,FY
FANG_10Q_2025-09-30,ok,,"Diamondback Energy, Inc.",2025,Q3
FANG_10Q_2025-06-30,ok,,"Diamondback Energy, Inc.",2025,Q2
FANG_10Q_2025-03-31,ok,,"Diamondback Energy, Inc.",2025,Q1
FANG_10K_2024-12-31,ok,,"Diamondback Energy, Inc.",2024,FY
FANG_10Q_2024-09-30,ok,,"Diamondback Energy, Inc.",2024,Q3
DASH_10Q_2026-06-30,ok,,"DOORDASH, INC.",2026,Q2
DASH_10Q_2026-03-31,ok,,"DOORDASH, INC.",2026,Q1
DASH_10K_2025-12-31,ok,,"DOORDASH, INC.",2025,FY
DASH_10Q_2025-09-30,ok,,"DOORDASH, INC.",2025,Q3
DASH_10Q_2025-06-30,ok,,"DOORDASH, INC.",2025,Q2
DASH_10Q_2025-03-31,ok,,"DOORDASH, INC.",2025,Q1
DASH_10K_2024-12-31,ok,,"DOORDASH, INC.",2024,FY
DASH_10Q_2024-09-30,ok,,"DOORDASH, INC.",2024,Q3
EXC_10Q_2026-06-30,ok,,EXELON CORPORATION,2026,Q2
EXC_10Q_2026-03-31,ok,,EXELON CORPORATION,2026,Q1
EXC_10K_2025-12-31,ok,,EXELON CORPORATION,2025,FY
EXC_10Q_2025-09-30,ok,,EXELON CORPORATION,2025,Q3
EXC_10Q_2025-06-30,ok,,EXELON CORPORATION,2025,Q2
EXC_10Q_2025-03-31,ok,,EXELON CORPORATION,2025,Q1
EXC_10K_2024-12-31,ok,,EXELON CORPORATION,2024,FY
EXC_10Q_2024-09-30,ok,,EXELON CORPORATION,2024,Q3
FAST_10Q_2026-06-30,ok,,FASTENAL CO,2026,Q2
FAST_10Q_2026-03-31,ok,,FASTENAL CO,2026,Q1
FAST_10K_2025-12-31,ok,,FASTENAL CO,2025,FY
FAST_10Q_2025-09-30,ok,,FASTENAL CO,2025,Q3
FAST_10Q_2025-06-30,ok,,FASTENAL CO,2025,Q2
FAST_10Q_2025-03-31,ok,,FASTENAL CO,2025,Q1
FAST_10K_2024-12-31,ok,,FASTENAL CO,2024,FY
FAST_10Q_2024-09-30,ok,,FASTENAL CO,2024,Q3
FTNT_10Q_2026-06-30,ok,,"FORTINET, INC.",2026,Q2
FTNT_10Q_2026-03-31,ok,,"FORTINET, INC.",2026,Q1
FTNT_10K_2025-12-31,ok,,"FORTINET, INC.",2025,FY
FTNT_10Q_2025-09-30,ok,,"FORTINET, INC.",2025,Q3
FTNT_10Q_2025-06-30,ok,,"FORTINET, INC.",2025,Q2
FTNT_10Q_2025-03-31,ok,,"FORTINET, INC.",2025,Q1
FTNT_10K_2024-12-31,ok,,"FORTINET, INC.",2024,FY
FTNT_10Q_2024-09-30,ok,,"FORTINET, INC.",2024,Q3
GEHC_10Q_2026-06-30,ok,,GE HEALTHCARE TECHNOLOGIES INC.,2026,Q2
GEHC_10Q_2026-03-31,ok,,GE HEALTHCARE TECHNOLOGIES INC.,2026,Q1
GEHC_10K_2025-12-31,ok,,GE HEALTHCARE TECHNOLOGIES INC.,2025,FY
GEHC_10Q_2025-09-30,ok,,GE HEALTHCARE TECHNOLOGIES INC.,2025,Q3
GEHC_10Q_2025-06-30,ok,,GE HEALTHCARE TECHNOLOGIES INC.,2025,Q2
GEHC_10Q_2025-03-31,ok,,GE HEALTHCARE TECHNOLOGIES INC.,2025,Q1
GEHC_10K_2024-12-31,ok,,GE HEALTHCARE TECHNOLOGIES INC.,2024,FY
GEHC_10Q_2024-09-30,ok,,GE HEALTHCARE TECHNOLOGIES INC.,2024,Q3
GILD_10Q_2026-06-30,ok,,"GILEAD SCIENCES, INC.",2026,Q2
GILD_10Q_2026-03-31,ok,,"GILEAD SCIENCES, INC.",2026,Q1
GILD_10K_2025-12-31,ok,,"GILEAD SCIENCES, INC.",2025,FY
GILD_10Q_2025-09-30,ok,,"GILEAD SCIENCES, INC.",2025,Q3
GILD_10Q_2025-06-30,ok,,"GILEAD SCIENCES, INC.",2025,Q2
GILD_10Q_2025-03-31,ok,,"GILEAD SCIENCES, INC.",2025,Q1
GILD_10K_2024-12-31,ok,,"GILEAD SCIENCES, INC.",2024,FY
GILD_10Q_2024-09-30,ok,,"GILEAD SCIENCES, INC.",2024,Q3
HONA_10Q_2026-06-27,ok,,Honeywell Aerospace Inc,2026,Q2
HON_10Q_2026-06-30,ok,,Honeywell International Inc,2026,Q2
HON_10Q_2026-03-31,ok,,Honeywell International Inc,2026,Q1
HON_10K_2025-12-31,ok,,Honeywell International Inc.,2025,FY
HON_10Q_2025-09-30,ok,,Honeywell International Inc,2025,Q3
HON_10Q_2025-06-30,ok,,Honeywell International Inc,2025,Q2
HON_10Q_2025-03-31,ok,,Honeywell International Inc,2025,Q1
HON_10K_2024-12-31,ok,,Honeywell International Inc.,2024,FY
HON_10Q_2024-09-30,ok,,Honeywell International Inc,2024,Q3
IDXX_10Q_2026-06-30,ok,,IDEXX LABORATORIES INC /DE,2026,Q2
IDXX_10Q_2026-03-31,ok,,IDEXX LABORATORIES INC /DE,2026,Q1
IDXX_10K_2025-12-31,ok,,IDEXX LABORATORIES INC /DE,2025,FY
IDXX_10Q_2025-09-30,ok,,IDEXX LABORATORIES INC /DE,2025,Q3
IDXX_10Q_2025-06-30,ok,,IDEXX LABORATORIES INC /DE,2025,Q2
IDXX_10Q_2025-03-31,ok,,IDEXX LABORATORIES INC /DE,2025,Q1
IDXX_10K_2024-12-31,ok,,IDEXX LABORATORIES INC /DE,2024,FY
IDXX_10Q_2024-09-30,ok,,IDEXX LABORATORIES INC /DE,2024,Q3
INTC_10Q_2026-06-27,ok,,INTEL CORPORATION,2026,Q2
INTC_10Q_2026-03-28,ok,,INTEL CORPORATION,2026,Q1
INTC_10K_2025-12-27,ok,,INTEL CORPORATION,2025,FY
INTC_10Q_2025-09-27,ok,,INTEL CORPORATION,2025,Q3
INTC_10Q_2025-06-28,ok,,INTEL CORPORATION,2025,Q2
INTC_10Q_2025-03-29,ok,,INTEL CORPORATION,2025,Q1
INTC_10K_2024-12-28,ok,,INTEL CORPORATION,2024,FY
INTC_10Q_2024-09-28,ok,,INTEL CORPORATION,2024,Q3
INTU_10K_2026-07-31,ok,,INTUIT INC.,2026,FY
INTU_10Q_2026-04-30,ok,,INTUIT INC.,2026,Q3
INTU_10Q_2026-01-31,ok,,INTUIT INC.,2026,Q2
INTU_10Q_2025-10-31,ok,,INTUIT INC.,2026,Q1
INTU_10K_2025-07-31,ok,,INTUIT INC.,2025,FY
INTU_10Q_2025-04-30,ok,,INTUIT INC.,2025,Q3
INTU_10Q_2025-01-31,ok,,INTUIT INC.,2025,Q2
INTU_10Q_2024-10-31,ok,,INTUIT INC.,2025,Q1
ISRG_10Q_2026-06-30,ok,,"Intuitive Surgical, Inc.",2026,Q2
ISRG_10Q_2026-03-31,ok,,"Intuitive Surgical, Inc.",2026,Q1
ISRG_10K_2025-12-31,ok,,"Intuitive Surgical, Inc.",2025,FY
ISRG_10Q_2025-09-30,ok,,"Intuitive Surgical, Inc.",2025,Q3
ISRG_10Q_2025-06-30,ok,,"Intuitive Surgical, Inc.",2025,Q2
ISRG_10Q_2025-03-31,ok,,"Intuitive Surgical, Inc.",2025,Q1
ISRG_10K_2024-12-31,ok,,"Intuitive Surgical, Inc.",2024,FY
ISRG_10Q_2024-09-30,ok,,"Intuitive Surgical, Inc.",2024,Q3
KDP_10Q_2026-06-30,ok,,Keurig Dr Pepper Inc.,2026,Q2
KDP_10Q_2026-03-31,ok,,Keurig Dr Pepper Inc.,2026,Q1
KDP_10K_2025-12-31,ok,,Keurig Dr Pepper Inc.,2025,FY
KDP_10Q_2025-09-30,ok,,Keurig Dr Pepper Inc.,2025,Q3
KDP_10Q_2025-06-30,ok,,Keurig Dr Pepper Inc.,2025,Q2
KDP_10Q_2025-03-31,ok,,Keurig Dr Pepper Inc.,2025,Q1
KDP_10K_2024-12-31,ok,,Keurig Dr Pepper Inc.,2024,FY
KDP_10Q_2024-09-30,ok,,Keurig Dr Pepper Inc.,2024,Q3
KLAC_10K_2026-06-30,ok,,KLA CORP,2026,FY
KLAC_10Q_2026-03-31,ok,,KLA CORPORATION,2026,Q3
KLAC_10Q_2025-12-31,ok,,KLA CORPORATION,2026,Q2
KLAC_10Q_2025-09-30,ok,,KLA CORPORATION,2026,Q1
KLAC_10K_2025-06-30,ok,,KLA CORP,2025,FY
KLAC_10Q_2025-03-31,ok,,KLA CORPORATION,2025,Q3
KLAC_10Q_2024-12-31,ok,,KLA CORPORATION,2025,Q2
KLAC_10Q_2024-09-30,ok,,KLA CORPORATION,2025,Q1
LRCX_10K_2026-06-28,ok,,LAM RESEARCH CORPORATION,2026,FY
LRCX_10Q_2026-03-29,ok,,LAM RESEARCH CORPORATION,2026,Q3
LRCX_10Q_2025-12-28,ok,,LAM RESEARCH CORPORATION,2026,Q2
LRCX_10Q_2025-09-28,ok,,LAM RESEARCH CORPORATION,2026,Q1
LRCX_10K_2025-06-29,ok,,LAM RESEARCH CORPORATION,2025,FY
LRCX_10Q_2025-03-30,ok,,LAM RESEARCH CORPORATION,2025,Q3
LRCX_10Q_2024-12-29,ok,,LAM RESEARCH CORPORATION,2025,Q2
LRCX_10Q_2024-09-29,ok,,LAM RESEARCH CORPORATION,2025,Q1
LIN_10Q_2026-06-30,ok,,LINDE PLC,2026,Q2
LIN_10Q_2026-03-31,ok,,LINDE PLC,2026,Q1
LIN_10K_2025-12-31,ok,,LINDE PLC,2025,FY
LIN_10Q_2025-09-30,ok,,LINDE PLC,2025,Q3
LIN_10Q_2025-06-30,ok,,LINDE PLC,2025,Q2
LIN_10Q_2025-03-31,ok,,LINDE PLC,2025,Q1
LIN_10K_2024-12-31,ok,,LINDE PLC,2024,FY
LIN_10Q_2024-09-30,ok,,LINDE PLC,2024,Q3
LITE_10K_2026-06-27,ok,,Lumentum Holdings Inc.,2026,FY
LITE_10Q_2026-03-28,ok,,Lumentum Holdings Inc.,2026,Q3
LITE_10Q_2025-12-27,ok,,Lumentum Holdings Inc.,2026,Q2
LITE_10Q_2025-09-27,ok,,Lumentum Holdings Inc.,2026,Q1
LITE_10K_2025-06-28,ok,,Lumentum Holdings Inc.,2025,FY
LITE_10Q_2025-03-29,ok,,Lumentum Holdings Inc.,2025,Q3
LITE_10Q_2024-12-28,ok,,Lumentum Holdings Inc.,2025,Q2
LITE_10Q_2024-09-28,ok,,Lumentum Holdings Inc.,2025,Q1
MAR_10Q_2026-06-30,ok,,MARRIOTT INTERNATIONAL INC /MD/,2026,Q2
MAR_10Q_2026-03-31,ok,,MARRIOTT INTERNATIONAL INC /MD/,2026,Q1
MAR_10K_2025-12-31,ok,,MARRIOTT INTERNATIONAL INC /MD/,2025,FY
MAR_10Q_2025-09-30,ok,,MARRIOTT INTERNATIONAL INC /MD/,2025,Q3
MAR_10Q_2025-06-30,ok,,MARRIOTT INTERNATIONAL INC /MD/,2025,Q2
MAR_10Q_2025-03-31,ok,,MARRIOTT INTERNATIONAL INC /MD/,2025,Q1
MAR_10K_2024-12-31,ok,,MARRIOTT INTERNATIONAL INC /MD/,2024,FY
MAR_10Q_2024-09-30,ok,,MARRIOTT INTERNATIONAL INC /MD/,2024,Q3
MRVL_10Q_2026-08-01,ok,,"MARVELL TECHNOLOGY, INC",2027,Q2
MRVL_10Q_2026-05-02,ok,,"MARVELL TECHNOLOGY, INC",2027,Q1
MRVL_10K_2026-01-31,ok,,"MARVELL TECHNOLOGY, INC",2026,FY
MRVL_10Q_2025-11-01,ok,,"MARVELL TECHNOLOGY, INC",2026,Q3
MRVL_10Q_2025-08-02,ok,,"MARVELL TECHNOLOGY, INC",2026,Q2
MRVL_10Q_2025-05-03,ok,,"MARVELL TECHNOLOGY, INC",2026,Q1
MRVL_10K_2025-02-01,ok,,"MARVELL TECHNOLOGY, INC",2025,FY
MRVL_10Q_2024-11-02,ok,,"MARVELL TECHNOLOGY, INC",2025,Q3
MELI_10Q_2026-06-30,ok,,"MercadoLibre, Inc.",2026,Q2
MELI_10Q_2026-03-31,ok,,"MercadoLibre, Inc.",2026,Q1
MELI_10K_2025-12-31,ok,,"MercadoLibre, Inc.",2025,FY
MELI_10Q_2025-09-30,ok,,"MercadoLibre, Inc.",2025,Q3
MELI_10Q_2025-06-30,ok,,"MercadoLibre, Inc.",2025,Q2
MELI_10Q_2025-03-31,ok,,"MercadoLibre, Inc.",2025,Q1
MELI_10K_2024-12-31,ok,,"MercadoLibre, Inc.",2024,FY
MELI_10Q_2024-09-30,ok,,"MercadoLibre, Inc.",2024,Q3
META_10Q_2026-06-30,ok,,"Meta Platforms, Inc.",2026,Q2
META_10Q_2026-03-31,ok,,"Meta Platforms, Inc.",2026,Q1
META_10K_2025-12-31,ok,,"Meta Platforms, Inc.",2025,FY
META_10Q_2025-09-30,ok,,"Meta Platforms, Inc.",2025,Q3
META_10Q_2025-06-30,ok,,"Meta Platforms, Inc.",2025,Q2
META_10Q_2025-03-31,ok,,"Meta Platforms, Inc.",2025,Q1
META_10K_2024-12-31,ok,,"Meta Platforms, Inc.",2024,FY
META_10Q_2024-09-30,ok,,"Meta Platforms, Inc.",2024,Q3
MCHP_10Q_2026-06-30,ok,,MICROCHIP TECHNOLOGY INCORPORATED,2027,Q1
MCHP_10K_2026-03-31,ok,,MICROCHIP TECHNOLOGY INCORPORATED,2026,FY
MCHP_10Q_2025-12-31,ok,,MICROCHIP TECHNOLOGY INCORPORATED,2026,Q3
MCHP_10Q_2025-09-30,ok,,MICROCHIP TECHNOLOGY INCORPORATED,2026,Q2
MCHP_10Q_2025-06-30,ok,,MICROCHIP TECHNOLOGY INCORPORATED,2026,Q1
MCHP_10K_2025-03-31,ok,,MICROCHIP TECHNOLOGY INCORPORATED,2025,FY
MCHP_10Q_2024-12-31,ok,,MICROCHIP TECHNOLOGY INCORPORATED,2025,Q3
MCHP_10Q_2024-09-30,ok,,MICROCHIP TECHNOLOGY INCORPORATED,2025,Q2
MU_10Q_2026-05-28,ok,,"Micron Technology, Inc.",2026,Q3
MU_10Q_2026-02-26,ok,,"Micron Technology, Inc.",2026,Q2
MU_10Q_2025-11-27,ok,,"Micron Technology, Inc.",2026,Q1
MU_10K_2025-08-28,ok,,"Micron Technology, Inc.",2025,FY
MU_10Q_2025-05-29,ok,,"Micron Technology, Inc.",2025,Q3
MU_10Q_2025-02-27,ok,,"Micron Technology, Inc.",2025,Q2
MU_10Q_2024-11-28,ok,,"Micron Technology, Inc.",2025,Q1
MU_10K_2024-08-29,ok,,"Micron Technology, Inc.",2024,FY
MSFT_10K_2026-06-30,ok,,MICROSOFT CORPORATION,2026,FY
MSFT_10Q_2026-03-31,ok,,MICROSOFT CORPORATION,2026,Q3
MSFT_10Q_2025-12-31,ok,,MICROSOFT CORPORATION,2026,Q2
MSFT_10Q_2025-09-30,ok,,MICROSOFT CORPORATION,2026,Q1
MSFT_10K_2025-06-30,ok,,MICROSOFT CORPORATION,2025,FY
MSFT_10Q_2025-03-31,ok,,MICROSOFT CORPORATION,2025,Q3
MSFT_10Q_2024-12-31,ok,,MICROSOFT CORPORATION,2025,Q2
MSFT_10Q_2024-09-30,ok,,MICROSOFT CORPORATION,2025,Q1
MSTR_10Q_2026-06-30,ok,,STRATEGY INC,2026,Q2
MSTR_10Q_2026-03-31,ok,,STRATEGY INC,2026,Q1
MSTR_10K_2025-12-31,ok,,STRATEGY INC,2025,FY
MSTR_10Q_2025-09-30,ok,,STRATEGY INC,2025,Q3
MSTR_10Q_2025-06-30,ok,,MICROSTRATEGY INCORPORATED,2025,Q2
MSTR_10Q_2025-03-31,ok,,MICROSTRATEGY INCORPORATED,2025,Q1
MSTR_10K_2024-12-31,ok,,MICROSTRATEGY INCORPORATED,2024,FY
MSTR_10Q_2024-09-30,ok,,MICROSTRATEGY INCORPORATED,2024,Q3
MDLZ_10Q_2026-06-30,ok,,"Mondelēz International, Inc.",2026,Q2
MDLZ_10Q_2026-03-31,ok,,"Mondelēz International, Inc.",2026,Q1
MDLZ_10K_2025-12-31,ok,,"Mondelēz International, Inc.",2025,FY
MDLZ_10Q_2025-09-30,ok,,"Mondelēz International, Inc.",2025,Q3
MDLZ_10Q_2025-06-30,ok,,"Mondelēz International, Inc.",2025,Q2
MDLZ_10Q_2025-03-31,ok,,"Mondelēz International, Inc.",2025,Q1
MDLZ_10K_2024-12-31,ok,,"Mondelēz International, Inc.",2024,FY
MDLZ_10Q_2024-09-30,ok,,"Mondelēz International, Inc.",2024,Q3
MPWR_10Q_2026-06-30,ok,,"Monolithic Power Systems, Inc.",2026,Q2
MPWR_10Q_2026-03-31,ok,,MONOLITHIC POWER SYSTEMS INC,2026,Q1
MPWR_10K_2025-12-31,ok,,MONOLITHIC POWER SYSTEMS INC,2025,FY
MPWR_10Q_2025-09-30,ok,,MONOLITHIC POWER SYSTEMS INC,2025,Q3
MPWR_10Q_2025-06-30,ok,,"Monolithic Power Systems, Inc.",2025,Q2
MPWR_10Q_2025-03-31,ok,,"Monolithic Power Systems, Inc.",2025,Q1
MPWR_10K_2024-12-31,ok,,MONOLITHIC POWER SYSTEMS INC,2024,FY
MPWR_10Q_2024-09-30,ok,,MONOLITHIC POWER SYSTEMS INC,2024,Q3
MNST_10Q_2026-06-30,ok,,Monster Beverage Corp,2026,Q2
MNST_10Q_2026-03-31,ok,,Monster Beverage Corp,2026,Q1
MNST_10K_2025-12-31,ok,,Monster Beverage Corp,2025,FY
MNST_10Q_2025-09-30,ok,,Monster Beverage Corp,2025,Q3
MNST_10Q_2025-06-30,ok,,Monster Beverage Corp,2025,Q2
MNST_10Q_2025-03-31,ok,,Monster Beverage Corp,2025,Q1
MNST_10K_2024-12-31,ok,,MONSTER BEVERAGE CORPORATION,2024,FY
MNST_10Q_2024-09-30,ok,,Monster Beverage Corp,2024,Q3
NFLX_10Q_2026-06-30,ok,,"Netflix, Inc.",2026,Q2
NFLX_10Q_2026-03-31,ok,,"Netflix, Inc.",2026,Q1
NFLX_10K_2025-12-31,ok,,"Netflix, Inc.",2025,FY
NFLX_10Q_2025-09-30,ok,,"Netflix, Inc.",2025,Q3
NFLX_10Q_2025-06-30,ok,,"Netflix, Inc.",2025,Q2
NFLX_10Q_2025-03-31,ok,,"Netflix, Inc.",2025,Q1
NFLX_10K_2024-12-31,ok,,"Netflix, Inc.",2024,FY
NFLX_10Q_2024-09-30,ok,,"Netflix, Inc.",2024,Q3
NVDA_10Q_2026-07-26,ok,,NVIDIA CORP,2027,Q2
NVDA_10Q_2026-04-26,ok,,NVIDIA CORP,2027,Q1
NVDA_10K_2026-01-25,ok,,NVIDIA CORP,2026,FY
NVDA_10Q_2025-10-26,ok,,NVIDIA CORP,2026,Q3
NVDA_10Q_2025-07-27,ok,,NVIDIA CORP,2026,Q2
NVDA_10Q_2025-04-27,ok,,NVIDIA CORP,2026,Q1
NVDA_10K_2025-01-26,ok,,NVIDIA CORP,2025,FY
NVDA_10Q_2024-10-27,ok,,NVIDIA CORP,2025,Q3
NXPI_10Q_2026-06-28,ok,,NXP Semiconductors N.V.,2026,Q2
NXPI_10Q_2026-03-29,ok,,NXP Semiconductors N.V.,2026,Q1
NXPI_10K_2025-12-31,ok,,NXP Semiconductors N.V.,2025,FY
NXPI_10Q_2025-09-28,ok,,NXP Semiconductors N.V.,2025,Q3
NXPI_10Q_2025-06-29,ok,,NXP Semiconductors N.V.,2025,Q2
NXPI_10Q_2025-03-30,ok,,NXP Semiconductors N.V.,2025,Q1
NXPI_10K_2024-12-31,ok,,NXP Semiconductors N.V.,2024,FY
NXPI_10Q_2024-09-29,ok,,NXP Semiconductors N.V.,2024,Q3
ORLY_10Q_2026-06-30,ok,,O Reilly Automotive Inc,2026,Q2
ORLY_10Q_2026-03-31,ok,,O Reilly Automotive Inc,2026,Q1
ORLY_10K_2025-12-31,ok,,O Reilly Automotive Inc,2025,FY
ORLY_10Q_2025-09-30,ok,,O Reilly Automotive Inc,2025,Q3
ORLY_10Q_2025-06-30,ok,,O Reilly Automotive Inc,2025,Q2
ORLY_10Q_2025-03-31,ok,,O Reilly Automotive Inc,2025,Q1
ORLY_10K_2024-12-31,ok,,O Reilly Automotive Inc,2024,FY
ORLY_10Q_2024-09-30,ok,,O Reilly Automotive Inc,2024,Q3
ODFL_10Q_2026-06-30,ok,,"OLD DOMINION FREIGHT LINE, INC.",2026,Q2
ODFL_10Q_2026-03-31,ok,,"OLD DOMINION FREIGHT LINE, INC.",2026,Q1
ODFL_10K_2025-12-31,ok,,"OLD DOMINION FREIGHT LINE, INC.",2025,FY
ODFL_10Q_2025-09-30,ok,,"OLD DOMINION FREIGHT LINE, INC.",2025,Q3
ODFL_10Q_2025-06-30,ok,,"OLD DOMINION FREIGHT LINE, INC.",2025,Q2
ODFL_10Q_2025-03-31,ok,,"OLD DOMINION FREIGHT LINE, INC.",2025,Q1
ODFL_10K_2024-12-31,ok,,"OLD DOMINION FREIGHT LINE, INC.",2024,FY
ODFL_10Q_2024-09-30,ok,,"OLD DOMINION FREIGHT LINE, INC.",2024,Q3
PCAR_10Q_2026-06-30,ok,,PACCAR Inc,2026,Q2
PCAR_10Q_2026-03-31,ok,,PACCAR Inc,2026,Q1
PCAR_10K_2025-12-31,ok,,PACCAR Inc,2025,FY
PCAR_10Q_2025-09-30,ok,,PACCAR Inc,2025,Q3
PCAR_10Q_2025-06-30,ok,,PACCAR Inc,2025,Q2
PCAR_10Q_2025-03-31,ok,,PACCAR Inc,2025,Q1
PCAR_10K_2024-12-31,ok,,PACCAR Inc,2024,FY
PCAR_10Q_2024-09-30,ok,,PACCAR Inc,2024,Q3
PLTR_10Q_2026-06-30,ok,,Palantir Technologies Inc.,2026,Q2
PLTR_10Q_2026-03-31,ok,,Palantir Technologies Inc.,2026,Q1
PLTR_10K_2025-12-31,ok,,Palantir Technologies Inc.,2025,FY
PLTR_10Q_2025-09-30,ok,,Palantir Technologies Inc.,2025,Q3
PLTR_10Q_2025-06-30,ok,,Palantir Technologies Inc.,2025,Q2
PLTR_10Q_2025-03-31,ok,,Palantir Technologies Inc.,2025,Q1
PLTR_10K_2024-12-31,ok,,Palantir Technologies Inc.,2024,FY
PLTR_10Q_2024-09-30,ok,,Palantir Technologies Inc.,2024,Q3
PANW_10K_2026-07-31,ok,,"Palo Alto Networks, Inc",2026,FY
PANW_10Q_2026-04-30,ok,,"PALO ALTO NETWORKS, INC",2026,Q3
PANW_10Q_2026-01-31,ok,,"PALO ALTO NETWORKS, INC",2026,Q2
PANW_10Q_2025-10-31,ok,,"PALO ALTO NETWORKS, INC",2026,Q1
PANW_10K_2025-07-31,ok,,"Palo Alto Networks, Inc",2025,FY
PANW_10Q_2025-04-30,ok,,"PALO ALTO NETWORKS, INC",2025,Q3
PANW_10Q_2025-01-31,ok,,"PALO ALTO NETWORKS, INC",2025,Q2
PANW_10Q_2024-10-31,ok,,"PALO ALTO NETWORKS, INC",2025,Q1
PAYX_10Q_2026-08-31,ok,,"Paychex, Inc.",2027,Q1
PAYX_10K_2026-05-31,ok,,"Paychex, Inc.",2026,FY
PAYX_10Q_2026-02-28,ok,,"Paychex, Inc.",2026,Q3
PAYX_10Q_2025-11-30,ok,,"Paychex, Inc.",2026,Q2
PAYX_10Q_2025-08-31,ok,,"Paychex, Inc.",2026,Q1
PAYX_10K_2025-05-31,ok,,"Paychex, Inc.",2025,FY
PAYX_10Q_2025-02-28,ok,,"Paychex, Inc.",2025,Q3
PAYX_10Q_2024-11-30,ok,,"Paychex, Inc.",2025,Q2
PYPL_10Q_2026-06-30,ok,,"PayPal Holdings, Inc.",2026,Q2
PYPL_10Q_2026-03-31,ok,,"PayPal Holdings, Inc.",2026,Q1
PYPL_10K_2025-12-31,ok,,"PayPal Holdings, Inc.",2025,FY
PYPL_10Q_2025-09-30,ok,,"PayPal Holdings, Inc.",2025,Q3
PYPL_10Q_2025-06-30,ok,,"PayPal Holdings, Inc.",2025,Q2
PYPL_10Q_2025-03-31,ok,,"PayPal Holdings, Inc.",2025,Q1
PYPL_10K_2024-12-31,ok,,"PayPal Holdings, Inc.",2024,FY
PYPL_10Q_2024-09-30,ok,,"PayPal Holdings, Inc.",2024,Q3
PEP_10Q_2026-06-13,ok,,"PepsiCo, Inc.",2026,Q2
PEP_10Q_2026-03-21,ok,,"PepsiCo, Inc.",2026,Q1
PEP_10K_2025-12-27,ok,,"PepsiCo, Inc.",2025,FY
PEP_10Q_2025-09-06,ok,,"PepsiCo, Inc.",2025,Q3
PEP_10Q_2025-06-14,ok,,"PepsiCo, Inc.",2025,Q2
PEP_10Q_2025-03-22,ok,,"PepsiCo, Inc.",2025,Q1
PEP_10K_2024-12-28,ok,,"PepsiCo, Inc.",2024,FY
PEP_10Q_2024-09-07,ok,,"PepsiCo, Inc.",2024,Q3
QCOM_10Q_2026-06-28,ok,,QUALCOMM INC/DE,2026,Q3
QCOM_10Q_2026-03-29,ok,,QUALCOMM INC/DE,2026,Q2
QCOM_10Q_2025-12-28,ok,,QUALCOMM INC/DE,2026,Q1
QCOM_10K_2025-09-28,ok,,QUALCOMM INC/DE,2025,FY
QCOM_10Q_2025-06-29,ok,,QUALCOMM INC/DE,2025,Q3
QCOM_10Q_2025-03-30,ok,,QUALCOMM INC/DE,2025,Q2
QCOM_10Q_2024-12-29,ok,,QUALCOMM INC/DE,2025,Q1
QCOM_10K_2024-09-29,ok,,QUALCOMM INC/DE,2024,FY
REGN_10Q_2026-06-30,ok,,"REGENERON PHARMACEUTICALS, INC.",2026,Q2
REGN_10Q_2026-03-31,ok,,"REGENERON PHARMACEUTICALS, INC.",2026,Q1
REGN_10K_2025-12-31,ok,,"REGENERON PHARMACEUTICALS, INC.",2025,FY
REGN_10Q_2025-09-30,ok,,"REGENERON PHARMACEUTICALS, INC.",2025,Q3
REGN_10Q_2025-06-30,ok,,"REGENERON PHARMACEUTICALS, INC.",2025,Q2
REGN_10Q_2025-03-31,ok,,"REGENERON PHARMACEUTICALS, INC.",2025,Q1
REGN_10K_2024-12-31,ok,,"REGENERON PHARMACEUTICALS, INC.",2024,FY
REGN_10Q_2024-09-30,ok,,"REGENERON PHARMACEUTICALS, INC.",2024,Q3
RKLB_10Q_2026-06-30,ok,,ROCKET LAB CORP,2026,Q2
RKLB_10Q_2026-03-31,ok,,ROCKET LAB CORP,2026,Q1
RKLB_10K_2025-12-31,ok,,ROCKET LAB CORP,2025,FY
RKLB_10Q_2025-09-30,ok,,ROCKET LAB CORP,2025,Q3
RKLB_10Q_2025-06-30,ok,,Rocket Lab Corp,2025,Q2
RKLB_10Q_2025-03-31,ok,,"ROCKET LAB USA, INC.",2025,Q1
RKLB_10K_2024-12-31,ok,,"ROCKET LAB USA, INC.",2024,FY
RKLB_10Q_2024-09-30,ok,,"ROCKET LAB USA, INC.",2024,Q3
ROP_10Q_2026-06-30,ok,,"ROPER TECHNOLOGIES, INC.",2026,Q2
ROP_10Q_2026-03-31,ok,,"ROPER TECHNOLOGIES, INC.",2026,Q1
ROP_10K_2025-12-31,ok,,"ROPER TECHNOLOGIES, INC.",2025,FY
ROP_10Q_2025-09-30,ok,,"ROPER TECHNOLOGIES, INC.",2025,Q3
ROP_10Q_2025-06-30,ok,,"ROPER TECHNOLOGIES, INC.",2025,Q2
ROP_10Q_2025-03-31,ok,,"ROPER TECHNOLOGIES, INC.",2025,Q1
ROP_10K_2024-12-31,ok,,"ROPER TECHNOLOGIES, INC.",2024,FY
ROP_10Q_2024-09-30,ok,,"ROPER TECHNOLOGIES, INC.",2024,Q3
ROST_10Q_2026-08-01,ok,,"Ross Stores, Inc.",2026,Q2
ROST_10Q_2026-05-02,ok,,"Ross Stores, Inc.",2026,Q1
ROST_10K_2026-01-31,ok,,"Ross Stores, Inc.",2025,FY
ROST_10Q_2025-11-01,ok,,"Ross Stores, Inc.",2025,Q3
ROST_10Q_2025-08-02,ok,,"Ross Stores, Inc.",2025,Q2
ROST_10Q_2025-05-03,ok,,"Ross Stores, Inc.",2025,Q1
ROST_10K_2025-02-01,ok,,"Ross Stores, Inc.",2024,FY
ROST_10Q_2024-11-02,ok,,"Ross Stores, Inc.",2024,Q3
SNDK_10K_2026-07-03,ok,,Sandisk Corporation,2026,FY
SNDK_10Q_2026-04-03,ok,,Sandisk Corporation,2026,Q3
SNDK_10Q_2026-01-02,ok,,Sandisk Corporation,2026,Q2
SNDK_10Q_2025-10-03,ok,,Sandisk Corporation,2026,Q1
SNDK_10K_2025-06-27,ok,,Sandisk Corporation,2025,FY
SNDK_10Q_2025-03-28,ok,,Sandisk Corporation,2025,Q3
SNDK_10Q_2024-12-27,ok,,Sandisk Corporation,2025,Q2
STX_10K_2026-07-03,ok,,Seagate Technology Holdings plc,2026,FY
STX_10Q_2026-04-03,ok,,Seagate Technology Holdings plc,2026,Q3
STX_10Q_2026-01-02,ok,,Seagate Technology Holdings plc,2026,Q2
STX_10Q_2025-10-03,ok,,Seagate Technology Holdings plc,2026,Q1
STX_10K_2025-06-27,ok,,Seagate Technology Holdings plc,2027,FY
STX_10Q_2025-03-28,ok,,Seagate Technology Holdings plc,2025,Q3
STX_10Q_2024-12-27,ok,,Seagate Technology Holdings plc,2025,Q2
STX_10Q_2024-09-27,ok,,Seagate Technology Holdings plc,2025,Q1
SHOP_10Q_2026-06-30,ok,,Shopify Inc.,2026,Q2
SHOP_10Q_2026-03-31,ok,,Shopify Inc.,2026,Q1
SHOP_10K_2025-12-31,ok,,Shopify Inc.,2025,FY
SHOP_10Q_2025-09-30,ok,,Shopify Inc.,2025,Q3
SHOP_10Q_2025-06-30,ok,,Shopify Inc.,2025,Q2
SHOP_10Q_2025-03-31,ok,,Shopify Inc.,2025,Q1
SHOP_10K_2024-12-31,ok,,Shopify Inc.,2024,FY
SPCX_10Q_2026-06-30,ok,,Space Exploration Technologies Corp.,2026,Q2
SBUX_10Q_2026-06-28,ok,,Starbucks Corporation,2026,Q3
SBUX_10Q_2026-03-29,ok,,Starbucks Corporation,2026,Q2
SBUX_10Q_2025-12-28,ok,,Starbucks Corporation,2026,Q1
SBUX_10K_2025-09-28,ok,,Starbucks Corporation,2025,FY
SBUX_10Q_2025-06-29,ok,,Starbucks Corporation,2025,Q3
SBUX_10Q_2025-03-30,ok,,Starbucks Corporation,2025,Q2
SBUX_10Q_2024-12-29,ok,,Starbucks Corporation,2025,Q1
SBUX_10K_2024-09-29,ok,,Starbucks Corporation,2024,FY
SNPS_10Q_2026-07-31,ok,,"SYNOPSYS, INC.",2026,Q3
SNPS_10Q_2026-04-30,ok,,"SYNOPSYS, INC.",2026,Q2
SNPS_10Q_2026-01-31,ok,,"SYNOPSYS, INC.",2026,Q1
SNPS_10K_2025-10-31,ok,,"SYNOPSYS, INC.",2025,FY
SNPS_10Q_2025-07-31,ok,,"SYNOPSYS, INC.",2025,Q3
SNPS_10Q_2025-04-30,ok,,"SYNOPSYS, INC.",2025,Q2
SNPS_10Q_2025-01-31,ok,,"SYNOPSYS, INC.",2025,Q1
SNPS_10K_2024-10-31,ok,,"SYNOPSYS, INC.",2024,FY
TMUS_10Q_2026-06-30,ok,,"T-MOBILE US, INC.",2026,Q2
TMUS_10Q_2026-03-31,ok,,"T-MOBILE US, INC.",2026,Q1
TMUS_10K_2025-12-31,ok,,"T-MOBILE US, INC.",2025,FY
TMUS_10Q_2025-09-30,ok,,"T-MOBILE US, INC.",2025,Q3
TMUS_10Q_2025-06-30,ok,,"T-MOBILE US, INC.",2025,Q2
TMUS_10Q_2025-03-31,ok,,"T-MOBILE US, INC.",2025,Q1
TMUS_10K_2024-12-31,ok,,"T-MOBILE US, INC.",2024,FY
TMUS_10Q_2024-09-30,ok,,"T-MOBILE US, INC.",2024,Q3
TTWO_10Q_2026-06-30,ok,,"TAKE-TWO INTERACTIVE SOFTWARE, INC.",2027,Q1
TTWO_10K_2026-03-31,ok,,"TAKE-TWO INTERACTIVE SOFTWARE, INC.",2026,FY
TTWO_10Q_2025-12-31,ok,,"TAKE-TWO INTERACTIVE SOFTWARE, INC.",2026,Q3
TTWO_10Q_2025-09-30,ok,,"TAKE-TWO INTERACTIVE SOFTWARE, INC.",2026,Q2
TTWO_10Q_2025-06-30,ok,,"TAKE-TWO INTERACTIVE SOFTWARE, INC.",2026,Q1
TTWO_10K_2025-03-31,ok,,"TAKE-TWO INTERACTIVE SOFTWARE, INC.",2025,FY
TTWO_10Q_2024-12-31,ok,,"TAKE-TWO INTERACTIVE SOFTWARE, INC.",2025,Q3
TTWO_10Q_2024-09-30,ok,,"TAKE-TWO INTERACTIVE SOFTWARE, INC.",2025,Q2
TER_10Q_2026-06-28,ok,,"TERADYNE, INC.",2026,Q2
TER_10Q_2026-03-29,ok,,"TERADYNE, INC.",2026,Q1
TER_10K_2025-12-31,ok,,"TERADYNE, INC.",2025,FY
TER_10Q_2025-09-28,ok,,"TERADYNE, INC.",2025,Q3
TER_10Q_2025-06-29,ok,,"TERADYNE, INC.",2025,Q2
TER_10Q_2025-03-30,ok,,"TERADYNE, INC.",2025,Q1
TER_10K_2024-12-31,ok,,"TERADYNE, INC.",2024,FY
TER_10Q_2024-09-29,ok,,"TERADYNE, INC.",2024,Q3
TSLA_10Q_2026-06-30,ok,,"Tesla, Inc.",2026,Q2
TSLA_10Q_2026-03-31,ok,,"Tesla, Inc.",2026,Q1
TSLA_10K_2025-12-31,ok,,"Tesla, Inc.",2025,FY
TSLA_10Q_2025-09-30,ok,,"Tesla, Inc.",2025,Q3
TSLA_10Q_2025-06-30,ok,,"Tesla, Inc.",2025,Q2
TSLA_10Q_2025-03-31,ok,,"Tesla, Inc.",2025,Q1
TSLA_10K_2024-12-31,ok,,"Tesla, Inc.",2024,FY
TSLA_10Q_2024-09-30,ok,,"Tesla, Inc.",2024,Q3
TXN_10Q_2026-06-30,ok,,TEXAS INSTRUMENTS INCORPORATED,2026,Q2
TXN_10Q_2026-03-31,ok,,TEXAS INSTRUMENTS INCORPORATED,2026,Q1
TXN_10K_2025-12-31,ok,,TEXAS INSTRUMENTS INCORPORATED,2025,FY
TXN_10Q_2025-09-30,ok,,TEXAS INSTRUMENTS INCORPORATED,2025,Q3
TXN_10Q_2025-06-30,ok,,TEXAS INSTRUMENTS INCORPORATED,2025,Q2
TXN_10Q_2025-03-31,ok,,TEXAS INSTRUMENTS INCORPORATED,2025,Q1
TXN_10K_2024-12-31,ok,,TEXAS INSTRUMENTS INCORPORATED,2024,FY
TXN_10Q_2024-09-30,ok,,TEXAS INSTRUMENTS INCORPORATED,2024,Q3
VRTX_10Q_2026-06-30,ok,,VERTEX PHARMACEUTICALS INC / MA,2026,Q2
VRTX_10Q_2026-03-31,ok,,VERTEX PHARMACEUTICALS INC / MA,2026,Q1
VRTX_10K_2025-12-31,ok,,VERTEX PHARMACEUTICALS INC / MA,2025,FY
VRTX_10Q_2025-09-30,ok,,VERTEX PHARMACEUTICALS INC / MA,2025,Q3
VRTX_10Q_2025-06-30,ok,,VERTEX PHARMACEUTICALS INC / MA,2025,Q2
VRTX_10Q_2025-03-31,ok,,VERTEX PHARMACEUTICALS INC / MA,2025,Q1
VRTX_10K_2024-12-31,ok,,VERTEX PHARMACEUTICALS INC / MA,2024,FY
VRTX_10Q_2024-09-30,ok,,VERTEX PHARMACEUTICALS INC / MA,2024,Q3
WMT_10Q_2026-07-31,ok,,WALMART INC.,2027,Q2
WMT_10Q_2026-04-30,ok,,WALMART INC.,2027,Q1
WMT_10K_2026-01-31,ok,,Walmart Inc.,2026,FY
WMT_10Q_2025-10-31,ok,,Walmart Inc.,2026,Q3
WMT_10Q_2025-07-31,ok,,Walmart Inc.,2026,Q2
WMT_10Q_2025-04-30,ok,,Walmart Inc.,2026,Q1
WMT_10K_2025-01-31,ok,,WALMART INC.,2025,FY
WMT_10Q_2024-10-31,ok,,WALMART INC.,2025,Q3
WBD_10Q_2026-06-30,ok,,"Warner Bros. Discovery, Inc.",2026,Q2
WBD_10Q_2026-03-31,ok,,"Warner Bros. Discovery, Inc.",2026,Q1
WBD_10K_2025-12-31,ok,,"Warner Bros. Discovery, Inc.",2025,FY
WBD_10Q_2025-09-30,ok,,"Warner Bros. Discovery, Inc.",2025,Q3
WBD_10Q_2025-06-30,ok,,"Warner Bros. Discovery, Inc.",2025,Q2
WBD_10Q_2025-03-31,ok,,"Warner Bros. Discovery, Inc.",2025,Q1
WBD_10K_2024-12-31,ok,,"Warner Bros. Discovery, Inc.",2024,FY
WBD_10Q_2024-09-30,ok,,"Warner Bros. Discovery, Inc.",2024,Q3
WDC_10K_2026-07-03,ok,,WESTERN DIGITAL CORPORATION,2026,FY
WDC_10Q_2026-04-03,ok,,WESTERN DIGITAL CORPORATION,2026,Q3
WDC_10Q_2026-01-02,ok,,WESTERN DIGITAL CORPORATION,2026,Q2
WDC_10Q_2025-10-03,ok,,WESTERN DIGITAL CORPORATION,2026,Q1
WDC_10K_2025-06-27,ok,,WESTERN DIGITAL CORPORATION,2025,FY
WDC_10Q_2025-03-28,ok,,WESTERN DIGITAL CORPORATION,2025,Q3
WDC_10Q_2024-12-27,ok,,WESTERN DIGITAL CORPORATION,2025,Q2
WDC_10Q_2024-09-27,ok,,WESTERN DIGITAL CORPORATION,2025,Q1
WDAY_10Q_2026-07-31,ok,,"WORKDAY, INC.",2027,Q2
WDAY_10Q_2026-04-30,ok,,"WORKDAY, INC.",2027,Q1
WDAY_10K_2026-01-31,ok,,"WORKDAY, INC.",2026,FY
WDAY_10Q_2025-10-31,ok,,"WORKDAY, INC.",2025,Q3
WDAY_10Q_2025-07-31,ok,,"WORKDAY, INC.",2025,Q2
WDAY_10Q_2025-04-30,ok,,"WORKDAY, INC.",2025,Q1
WDAY_10K_2025-01-31,ok,,"WORKDAY, INC.",2025,FY
WDAY_10Q_2024-10-31,ok,,"WORKDAY, INC.",2025,Q3
XEL_10Q_2026-06-30,ok,,Xcel Energy Inc.,2026,Q2
XEL_10Q_2026-03-31,ok,,Xcel Energy Inc.,2026,Q1
XEL_10K_2025-12-31,ok,,XCEL ENERGY INC,2025,FY
XEL_10Q_2025-09-30,ok,,Xcel Energy Inc.,2025,Q3
XEL_10Q_2025-06-30,ok,,Xcel Energy Inc.,2025,Q2
XEL_10Q_2025-03-31,ok,,Xcel Energy Inc.,2025,Q1
XEL_10K_2024-12-31,ok,,XCEL ENERGY INC,2024,FY
XEL_10Q_2024-09-30,ok,,Xcel Energy Inc.,2024,Q3
